Timestamp,Machine_ID,Machine_Name,Health_Score,Risk_Level,Severity,Observed_Data,Model_Inference,Engineering_Hypothesis,Recommended_Action
2026-01-01 15:45:00,HVAC_01,Humidification & Climate Plant,20,HIGH,CRITICAL,"Power: 39.6 kW (Baseline: 48.0 kW, -18%); Temp: 48.3°C (Baseline: 45.0°C, +3.3°C); Vib: 14.50 mm/s (Baseline: 1.60 mm/s, ISO: ZONE_D_UNACCEPTABLE); Speed: 985 RPM; Prod: 1146.9 units; Voltage: 411.5 V",Isolation Forest Anomaly Score: 78.4/100 | Assigned Severity: CRITICAL | Status: RUNNING_OPTIMAL,"Vibration exceeds ISO 10816 Class II threshold. Likely V-belt wear, rotor unbalance, or loose foundation anchor bolts.",Inspect belt tension and pulley alignment. Check foundation bolt torque using calibrated torque wrench.
2026-01-02 22:00:00,HVAC_01,Humidification & Climate Plant,20,HIGH,CRITICAL,"Power: 40.7 kW (Baseline: 48.0 kW, -15%); Temp: 43.1°C (Baseline: 45.0°C, -1.9°C); Vib: 14.50 mm/s (Baseline: 1.60 mm/s, ISO: ZONE_D_UNACCEPTABLE); Speed: 984 RPM; Prod: 1150.3 units; Voltage: 408.8 V",Isolation Forest Anomaly Score: 77.0/100 | Assigned Severity: CRITICAL | Status: RUNNING_OPTIMAL,"Vibration exceeds ISO 10816 Class II threshold. Likely V-belt wear, rotor unbalance, or loose foundation anchor bolts.",Inspect belt tension and pulley alignment. Check foundation bolt torque using calibrated torque wrench.
2026-01-05 10:30:00,MOTOR_01,Ring Spinning Frame Motor,30,HIGH,CRITICAL,"Power: 39.0 kW (Baseline: 45.0 kW, -13%); Temp: 65.8°C (Baseline: 62.0°C, +3.8°C); Vib: 14.50 mm/s (Baseline: 1.80 mm/s, ISO: ZONE_D_UNACCEPTABLE); Speed: 1488 RPM; Prod: 48.4 units; Voltage: 419.8 V",Isolation Forest Anomaly Score: 58.1/100 | Assigned Severity: CRITICAL | Status: RUNNING_OPTIMAL,"Vibration exceeds ISO 10816 Class II threshold. Likely V-belt wear, rotor unbalance, or loose foundation anchor bolts.",Inspect belt tension and pulley alignment. Check foundation bolt torque using calibrated torque wrench.
2026-01-05 23:00:00,COMPRESSOR_01,Screw Air Compressor,55,HIGH,HIGH,"Power: 29.3 kW (Baseline: 38.0 kW, -23%); Temp: 71.2°C (Baseline: 75.0°C, -3.8°C); Vib: 2.15 mm/s (Baseline: 2.20 mm/s, ISO: ZONE_A_GOOD); Speed: 2945 RPM; Prod: 0.0 units; Voltage: 411.4 V",Isolation Forest Anomaly Score: 82.3/100 | Assigned Severity: HIGH | Status: IDLE_UNLOADED,"Compressor unloader valve failed to seat, or machine left idling during non-productive period, wasting electrical energy with zero pneumatic delivery.",Verify unloader valve solenoid and differential pressure switch. Activate edge gateway auto-standby command during idle meal breaks.
2026-01-05 23:15:00,COMPRESSOR_01,Screw Air Compressor,65,HIGH,HIGH,"Power: 29.1 kW (Baseline: 38.0 kW, -23%); Temp: 71.4°C (Baseline: 75.0°C, -3.6°C); Vib: 2.41 mm/s (Baseline: 2.20 mm/s, ISO: ZONE_B_SATISFACTORY); Speed: 2946 RPM; Prod: 0.0 units; Voltage: 414.7 V",Isolation Forest Anomaly Score: 65.7/100 | Assigned Severity: HIGH | Status: IDLE_UNLOADED,"Compressor unloader valve failed to seat, or machine left idling during non-productive period, wasting electrical energy with zero pneumatic delivery.",Verify unloader valve solenoid and differential pressure switch. Activate edge gateway auto-standby command during idle meal breaks.
2026-01-05 23:30:00,COMPRESSOR_01,Screw Air Compressor,65,HIGH,HIGH,"Power: 28.4 kW (Baseline: 38.0 kW, -25%); Temp: 72.5°C (Baseline: 75.0°C, -2.5°C); Vib: 2.41 mm/s (Baseline: 2.20 mm/s, ISO: ZONE_B_SATISFACTORY); Speed: 2948 RPM; Prod: 0.0 units; Voltage: 413.8 V",Isolation Forest Anomaly Score: 65.9/100 | Assigned Severity: HIGH | Status: IDLE_UNLOADED,"Compressor unloader valve failed to seat, or machine left idling during non-productive period, wasting electrical energy with zero pneumatic delivery.",Verify unloader valve solenoid and differential pressure switch. Activate edge gateway auto-standby command during idle meal breaks.
2026-01-05 23:45:00,COMPRESSOR_01,Screw Air Compressor,65,HIGH,HIGH,"Power: 30.3 kW (Baseline: 38.0 kW, -20%); Temp: 71.5°C (Baseline: 75.0°C, -3.5°C); Vib: 2.25 mm/s (Baseline: 2.20 mm/s, ISO: ZONE_A_GOOD); Speed: 2953 RPM; Prod: 0.0 units; Voltage: 418.9 V",Isolation Forest Anomaly Score: 69.7/100 | Assigned Severity: HIGH | Status: IDLE_UNLOADED,"Compressor unloader valve failed to seat, or machine left idling during non-productive period, wasting electrical energy with zero pneumatic delivery.",Verify unloader valve solenoid and differential pressure switch. Activate edge gateway auto-standby command during idle meal breaks.
2026-01-06 00:00:00,COMPRESSOR_01,Screw Air Compressor,64,HIGH,HIGH,"Power: 28.1 kW (Baseline: 38.0 kW, -26%); Temp: 71.1°C (Baseline: 75.0°C, -3.9°C); Vib: 2.47 mm/s (Baseline: 2.20 mm/s, ISO: ZONE_B_SATISFACTORY); Speed: 2946 RPM; Prod: 0.0 units; Voltage: 414.1 V",Isolation Forest Anomaly Score: 71.8/100 | Assigned Severity: HIGH | Status: IDLE_UNLOADED,"Compressor unloader valve failed to seat, or machine left idling during non-productive period, wasting electrical energy with zero pneumatic delivery.",Verify unloader valve solenoid and differential pressure switch. Activate edge gateway auto-standby command during idle meal breaks.
2026-01-06 00:15:00,COMPRESSOR_01,Screw Air Compressor,64,HIGH,HIGH,"Power: 26.8 kW (Baseline: 38.0 kW, -30%); Temp: 71.3°C (Baseline: 75.0°C, -3.7°C); Vib: 2.48 mm/s (Baseline: 2.20 mm/s, ISO: ZONE_B_SATISFACTORY); Speed: 2950 RPM; Prod: 0.0 units; Voltage: 419.1 V",Isolation Forest Anomaly Score: 66.3/100 | Assigned Severity: HIGH | Status: IDLE_UNLOADED,"Compressor unloader valve failed to seat, or machine left idling during non-productive period, wasting electrical energy with zero pneumatic delivery.",Verify unloader valve solenoid and differential pressure switch. Activate edge gateway auto-standby command during idle meal breaks.
2026-01-06 00:30:00,COMPRESSOR_01,Screw Air Compressor,65,HIGH,HIGH,"Power: 30.4 kW (Baseline: 38.0 kW, -20%); Temp: 71.0°C (Baseline: 75.0°C, -4.0°C); Vib: 2.32 mm/s (Baseline: 2.20 mm/s, ISO: ZONE_B_SATISFACTORY); Speed: 2952 RPM; Prod: 0.0 units; Voltage: 418.6 V",Isolation Forest Anomaly Score: 66.3/100 | Assigned Severity: HIGH | Status: IDLE_UNLOADED,"Compressor unloader valve failed to seat, or machine left idling during non-productive period, wasting electrical energy with zero pneumatic delivery.",Verify unloader valve solenoid and differential pressure switch. Activate edge gateway auto-standby command during idle meal breaks.
2026-01-06 00:45:00,COMPRESSOR_01,Screw Air Compressor,45,HIGH,CRITICAL,"Power: 29.5 kW (Baseline: 38.0 kW, -22%); Temp: 70.9°C (Baseline: 75.0°C, -4.1°C); Vib: 2.50 mm/s (Baseline: 2.20 mm/s, ISO: ZONE_B_SATISFACTORY); Speed: 2940 RPM; Prod: 0.0 units; Voltage: 413.8 V",Isolation Forest Anomaly Score: 87.4/100 | Assigned Severity: CRITICAL | Status: IDLE_UNLOADED,"Compressor unloader valve failed to seat, or machine left idling during non-productive period, wasting electrical energy with zero pneumatic delivery.",Verify unloader valve solenoid and differential pressure switch. Activate edge gateway auto-standby command during idle meal breaks.
2026-01-06 01:00:00,COMPRESSOR_01,Screw Air Compressor,65,HIGH,HIGH,"Power: 29.1 kW (Baseline: 38.0 kW, -23%); Temp: 70.4°C (Baseline: 75.0°C, -4.6°C); Vib: 2.40 mm/s (Baseline: 2.20 mm/s, ISO: ZONE_B_SATISFACTORY); Speed: 2946 RPM; Prod: 0.0 units; Voltage: 416.6 V",Isolation Forest Anomaly Score: 68.1/100 | Assigned Severity: HIGH | Status: IDLE_UNLOADED,"Compressor unloader valve failed to seat, or machine left idling during non-productive period, wasting electrical energy with zero pneumatic delivery.",Verify unloader valve solenoid and differential pressure switch. Activate edge gateway auto-standby command during idle meal breaks.
2026-01-06 01:15:00,COMPRESSOR_01,Screw Air Compressor,65,HIGH,HIGH,"Power: 28.2 kW (Baseline: 38.0 kW, -26%); Temp: 70.2°C (Baseline: 75.0°C, -4.8°C); Vib: 2.33 mm/s (Baseline: 2.20 mm/s, ISO: ZONE_B_SATISFACTORY); Speed: 2956 RPM; Prod: 0.0 units; Voltage: 416.5 V",Isolation Forest Anomaly Score: 70.3/100 | Assigned Severity: HIGH | Status: IDLE_UNLOADED,"Compressor unloader valve failed to seat, or machine left idling during non-productive period, wasting electrical energy with zero pneumatic delivery.",Verify unloader valve solenoid and differential pressure switch. Activate edge gateway auto-standby command during idle meal breaks.
2026-01-06 01:30:00,COMPRESSOR_01,Screw Air Compressor,65,HIGH,HIGH,"Power: 28.8 kW (Baseline: 38.0 kW, -24%); Temp: 70.7°C (Baseline: 75.0°C, -4.3°C); Vib: 2.27 mm/s (Baseline: 2.20 mm/s, ISO: ZONE_A_GOOD); Speed: 2947 RPM; Prod: 0.0 units; Voltage: 417.5 V",Isolation Forest Anomaly Score: 75.1/100 | Assigned Severity: HIGH | Status: IDLE_UNLOADED,"Compressor unloader valve failed to seat, or machine left idling during non-productive period, wasting electrical energy with zero pneumatic delivery.",Verify unloader valve solenoid and differential pressure switch. Activate edge gateway auto-standby command during idle meal breaks.
2026-01-06 01:45:00,COMPRESSOR_01,Screw Air Compressor,55,HIGH,HIGH,"Power: 27.2 kW (Baseline: 38.0 kW, -28%); Temp: 71.2°C (Baseline: 75.0°C, -3.8°C); Vib: 2.33 mm/s (Baseline: 2.20 mm/s, ISO: ZONE_B_SATISFACTORY); Speed: 2940 RPM; Prod: 0.0 units; Voltage: 421.3 V",Isolation Forest Anomaly Score: 81.3/100 | Assigned Severity: HIGH | Status: IDLE_UNLOADED,"Compressor unloader valve failed to seat, or machine left idling during non-productive period, wasting electrical energy with zero pneumatic delivery.",Verify unloader valve solenoid and differential pressure switch. Activate edge gateway auto-standby command during idle meal breaks.
2026-01-06 02:00:00,COMPRESSOR_01,Screw Air Compressor,65,HIGH,HIGH,"Power: 28.3 kW (Baseline: 38.0 kW, -26%); Temp: 71.0°C (Baseline: 75.0°C, -4.0°C); Vib: 2.40 mm/s (Baseline: 2.20 mm/s, ISO: ZONE_B_SATISFACTORY); Speed: 2947 RPM; Prod: 0.0 units; Voltage: 422.6 V",Isolation Forest Anomaly Score: 67.7/100 | Assigned Severity: HIGH | Status: IDLE_UNLOADED,"Compressor unloader valve failed to seat, or machine left idling during non-productive period, wasting electrical energy with zero pneumatic delivery.",Verify unloader valve solenoid and differential pressure switch. Activate edge gateway auto-standby command during idle meal breaks.
2026-01-06 02:15:00,COMPRESSOR_01,Screw Air Compressor,65,HIGH,HIGH,"Power: 27.6 kW (Baseline: 38.0 kW, -27%); Temp: 71.5°C (Baseline: 75.0°C, -3.5°C); Vib: 2.30 mm/s (Baseline: 2.20 mm/s, ISO: ZONE_B_SATISFACTORY); Speed: 2948 RPM; Prod: 0.0 units; Voltage: 418.4 V",Isolation Forest Anomaly Score: 70.9/100 | Assigned Severity: HIGH | Status: IDLE_UNLOADED,"Compressor unloader valve failed to seat, or machine left idling during non-productive period, wasting electrical energy with zero pneumatic delivery.",Verify unloader valve solenoid and differential pressure switch. Activate edge gateway auto-standby command during idle meal breaks.
2026-01-06 02:30:00,COMPRESSOR_01,Screw Air Compressor,65,HIGH,HIGH,"Power: 28.8 kW (Baseline: 38.0 kW, -24%); Temp: 70.6°C (Baseline: 75.0°C, -4.4°C); Vib: 2.28 mm/s (Baseline: 2.20 mm/s, ISO: ZONE_A_GOOD); Speed: 2949 RPM; Prod: 0.0 units; Voltage: 420.8 V",Isolation Forest Anomaly Score: 75.4/100 | Assigned Severity: HIGH | Status: IDLE_UNLOADED,"Compressor unloader valve failed to seat, or machine left idling during non-productive period, wasting electrical energy with zero pneumatic delivery.",Verify unloader valve solenoid and differential pressure switch. Activate edge gateway auto-standby command during idle meal breaks.
2026-01-06 02:45:00,COMPRESSOR_01,Screw Air Compressor,65,HIGH,HIGH,"Power: 29.4 kW (Baseline: 38.0 kW, -23%); Temp: 71.0°C (Baseline: 75.0°C, -4.0°C); Vib: 2.35 mm/s (Baseline: 2.20 mm/s, ISO: ZONE_B_SATISFACTORY); Speed: 2949 RPM; Prod: 0.0 units; Voltage: 418.5 V",Isolation Forest Anomaly Score: 66.5/100 | Assigned Severity: HIGH | Status: IDLE_UNLOADED,"Compressor unloader valve failed to seat, or machine left idling during non-productive period, wasting electrical energy with zero pneumatic delivery.",Verify unloader valve solenoid and differential pressure switch. Activate edge gateway auto-standby command during idle meal breaks.
2026-01-06 03:00:00,COMPRESSOR_01,Screw Air Compressor,64,HIGH,HIGH,"Power: 27.5 kW (Baseline: 38.0 kW, -28%); Temp: 71.3°C (Baseline: 75.0°C, -3.7°C); Vib: 2.44 mm/s (Baseline: 2.20 mm/s, ISO: ZONE_B_SATISFACTORY); Speed: 2950 RPM; Prod: 0.0 units; Voltage: 421.0 V",Isolation Forest Anomaly Score: 65.7/100 | Assigned Severity: HIGH | Status: IDLE_UNLOADED,"Compressor unloader valve failed to seat, or machine left idling during non-productive period, wasting electrical energy with zero pneumatic delivery.",Verify unloader valve solenoid and differential pressure switch. Activate edge gateway auto-standby command during idle meal breaks.
2026-01-06 03:15:00,COMPRESSOR_01,Screw Air Compressor,64,HIGH,HIGH,"Power: 29.2 kW (Baseline: 38.0 kW, -23%); Temp: 70.6°C (Baseline: 75.0°C, -4.4°C); Vib: 2.45 mm/s (Baseline: 2.20 mm/s, ISO: ZONE_B_SATISFACTORY); Speed: 2954 RPM; Prod: 0.0 units; Voltage: 421.0 V",Isolation Forest Anomaly Score: 70.3/100 | Assigned Severity: HIGH | Status: IDLE_UNLOADED,"Compressor unloader valve failed to seat, or machine left idling during non-productive period, wasting electrical energy with zero pneumatic delivery.",Verify unloader valve solenoid and differential pressure switch. Activate edge gateway auto-standby command during idle meal breaks.
2026-01-06 03:30:00,COMPRESSOR_01,Screw Air Compressor,65,HIGH,HIGH,"Power: 28.7 kW (Baseline: 38.0 kW, -24%); Temp: 71.6°C (Baseline: 75.0°C, -3.4°C); Vib: 2.41 mm/s (Baseline: 2.20 mm/s, ISO: ZONE_B_SATISFACTORY); Speed: 2948 RPM; Prod: 0.0 units; Voltage: 422.8 V",Isolation Forest Anomaly Score: 67.6/100 | Assigned Severity: HIGH | Status: IDLE_UNLOADED,"Compressor unloader valve failed to seat, or machine left idling during non-productive period, wasting electrical energy with zero pneumatic delivery.",Verify unloader valve solenoid and differential pressure switch. Activate edge gateway auto-standby command during idle meal breaks.
2026-01-06 03:45:00,COMPRESSOR_01,Screw Air Compressor,65,HIGH,HIGH,"Power: 29.2 kW (Baseline: 38.0 kW, -23%); Temp: 72.0°C (Baseline: 75.0°C, -3.0°C); Vib: 2.29 mm/s (Baseline: 2.20 mm/s, ISO: ZONE_A_GOOD); Speed: 2944 RPM; Prod: 0.0 units; Voltage: 421.9 V",Isolation Forest Anomaly Score: 75.4/100 | Assigned Severity: HIGH | Status: IDLE_UNLOADED,"Compressor unloader valve failed to seat, or machine left idling during non-productive period, wasting electrical energy with zero pneumatic delivery.",Verify unloader valve solenoid and differential pressure switch. Activate edge gateway auto-standby command during idle meal breaks.
2026-01-06 04:00:00,COMPRESSOR_01,Screw Air Compressor,65,HIGH,HIGH,"Power: 28.3 kW (Baseline: 38.0 kW, -26%); Temp: 72.3°C (Baseline: 75.0°C, -2.7°C); Vib: 2.28 mm/s (Baseline: 2.20 mm/s, ISO: ZONE_A_GOOD); Speed: 2946 RPM; Prod: 0.0 units; Voltage: 420.9 V",Isolation Forest Anomaly Score: 74.2/100 | Assigned Severity: HIGH | Status: IDLE_UNLOADED,"Compressor unloader valve failed to seat, or machine left idling during non-productive period, wasting electrical energy with zero pneumatic delivery.",Verify unloader valve solenoid and differential pressure switch. Activate edge gateway auto-standby command during idle meal breaks.
2026-01-06 21:45:00,COMPRESSOR_01,Screw Air Compressor,65,HIGH,HIGH,"Power: 32.2 kW (Baseline: 38.0 kW, -15%); Temp: 115.0°C (Baseline: 75.0°C, +40.0°C); Vib: 2.37 mm/s (Baseline: 2.20 mm/s, ISO: ZONE_B_SATISFACTORY); Speed: 2945 RPM; Prod: 199.6 units; Voltage: 411.4 V",Isolation Forest Anomaly Score: 40.8/100 | Assigned Severity: HIGH | Status: RUNNING_OPTIMAL,"Thermal buildup due to choked condenser fins, blower airflow restriction, or high ambient humidity heat load.",Clean condenser coil matrix with low-pressure wash. Inspect air filter differential pressure manometer.
2026-01-08 09:00:00,PUMP_01,Dyeing Liquor Circulation Pump,45,HIGH,CRITICAL,"Power: 20.1 kW (Baseline: 18.0 kW, +12%); Temp: 54.1°C (Baseline: 52.0°C, +2.1°C); Vib: 3.92 mm/s (Baseline: 1.40 mm/s, ISO: ZONE_B_SATISFACTORY); Speed: 1450 RPM; Prod: 12.4 units; Voltage: 421.8 V",Isolation Forest Anomaly Score: 85.5/100 | Assigned Severity: CRITICAL | Status: RUNNING_OPTIMAL,Subtle multivariate parameter divergence from expected operational baseline. Energy intensity elevated relative to throughput.,Perform general visual inspection of drive train and review electrical load profile during next maintenance window.
2026-01-08 09:15:00,PUMP_01,Dyeing Liquor Circulation Pump,45,HIGH,CRITICAL,"Power: 23.0 kW (Baseline: 18.0 kW, +28%); Temp: 55.7°C (Baseline: 52.0°C, +3.7°C); Vib: 3.88 mm/s (Baseline: 1.40 mm/s, ISO: ZONE_B_SATISFACTORY); Speed: 1444 RPM; Prod: 13.8 units; Voltage: 420.8 V",Isolation Forest Anomaly Score: 94.5/100 | Assigned Severity: CRITICAL | Status: RUNNING_OPTIMAL,Dyeing liquor circulation pump suction strainer clogged or impeller cavitation occurring. Motor working against blocked passage with steep throughput drop.,Backflush dyeing loop filter basket and verify suction head pressure. Check for air ingress in pump casing.
2026-01-08 09:30:00,PUMP_01,Dyeing Liquor Circulation Pump,45,HIGH,CRITICAL,"Power: 22.7 kW (Baseline: 18.0 kW, +26%); Temp: 54.7°C (Baseline: 52.0°C, +2.7°C); Vib: 3.85 mm/s (Baseline: 1.40 mm/s, ISO: ZONE_B_SATISFACTORY); Speed: 1445 RPM; Prod: 13.7 units; Voltage: 422.1 V",Isolation Forest Anomaly Score: 92.3/100 | Assigned Severity: CRITICAL | Status: RUNNING_OPTIMAL,Dyeing liquor circulation pump suction strainer clogged or impeller cavitation occurring. Motor working against blocked passage with steep throughput drop.,Backflush dyeing loop filter basket and verify suction head pressure. Check for air ingress in pump casing.
2026-01-08 09:45:00,PUMP_01,Dyeing Liquor Circulation Pump,45,HIGH,CRITICAL,"Power: 21.2 kW (Baseline: 18.0 kW, +18%); Temp: 54.1°C (Baseline: 52.0°C, +2.1°C); Vib: 3.69 mm/s (Baseline: 1.40 mm/s, ISO: ZONE_B_SATISFACTORY); Speed: 1447 RPM; Prod: 13.0 units; Voltage: 421.1 V",Isolation Forest Anomaly Score: 87.4/100 | Assigned Severity: CRITICAL | Status: RUNNING_OPTIMAL,Subtle multivariate parameter divergence from expected operational baseline. Energy intensity elevated relative to throughput.,Perform general visual inspection of drive train and review electrical load profile during next maintenance window.
2026-01-08 10:00:00,PUMP_01,Dyeing Liquor Circulation Pump,65,HIGH,HIGH,"Power: 19.3 kW (Baseline: 18.0 kW, +7%); Temp: 55.3°C (Baseline: 52.0°C, +3.3°C); Vib: 3.71 mm/s (Baseline: 1.40 mm/s, ISO: ZONE_B_SATISFACTORY); Speed: 1445 RPM; Prod: 13.2 units; Voltage: 420.7 V",Isolation Forest Anomaly Score: 84.2/100 | Assigned Severity: HIGH | Status: RUNNING_OPTIMAL,Subtle multivariate parameter divergence from expected operational baseline. Energy intensity elevated relative to throughput.,Perform general visual inspection of drive train and review electrical load profile during next maintenance window.
2026-01-08 10:15:00,PUMP_01,Dyeing Liquor Circulation Pump,45,HIGH,CRITICAL,"Power: 20.9 kW (Baseline: 18.0 kW, +16%); Temp: 54.0°C (Baseline: 52.0°C, +2.0°C); Vib: 3.73 mm/s (Baseline: 1.40 mm/s, ISO: ZONE_B_SATISFACTORY); Speed: 1444 RPM; Prod: 13.3 units; Voltage: 416.5 V",Isolation Forest Anomaly Score: 89.2/100 | Assigned Severity: CRITICAL | Status: RUNNING_OPTIMAL,Subtle multivariate parameter divergence from expected operational baseline. Energy intensity elevated relative to throughput.,Perform general visual inspection of drive train and review electrical load profile during next maintenance window.
2026-01-08 10:30:00,PUMP_01,Dyeing Liquor Circulation Pump,45,HIGH,CRITICAL,"Power: 21.5 kW (Baseline: 18.0 kW, +19%); Temp: 54.7°C (Baseline: 52.0°C, +2.7°C); Vib: 3.67 mm/s (Baseline: 1.40 mm/s, ISO: ZONE_B_SATISFACTORY); Speed: 1443 RPM; Prod: 13.5 units; Voltage: 419.0 V",Isolation Forest Anomaly Score: 90.5/100 | Assigned Severity: CRITICAL | Status: RUNNING_OPTIMAL,Subtle multivariate parameter divergence from expected operational baseline. Energy intensity elevated relative to throughput.,Perform general visual inspection of drive train and review electrical load profile during next maintenance window.
2026-01-08 10:45:00,PUMP_01,Dyeing Liquor Circulation Pump,45,HIGH,CRITICAL,"Power: 19.7 kW (Baseline: 18.0 kW, +9%); Temp: 56.0°C (Baseline: 52.0°C, +4.0°C); Vib: 3.79 mm/s (Baseline: 1.40 mm/s, ISO: ZONE_B_SATISFACTORY); Speed: 1454 RPM; Prod: 13.1 units; Voltage: 412.6 V",Isolation Forest Anomaly Score: 85.7/100 | Assigned Severity: CRITICAL | Status: RUNNING_OPTIMAL,Subtle multivariate parameter divergence from expected operational baseline. Energy intensity elevated relative to throughput.,Perform general visual inspection of drive train and review electrical load profile during next maintenance window.
2026-01-08 11:00:00,PUMP_01,Dyeing Liquor Circulation Pump,45,HIGH,CRITICAL,"Power: 22.3 kW (Baseline: 18.0 kW, +24%); Temp: 55.5°C (Baseline: 52.0°C, +3.5°C); Vib: 3.70 mm/s (Baseline: 1.40 mm/s, ISO: ZONE_B_SATISFACTORY); Speed: 1446 RPM; Prod: 12.5 units; Voltage: 417.7 V",Isolation Forest Anomaly Score: 92.2/100 | Assigned Severity: CRITICAL | Status: RUNNING_OPTIMAL,Dyeing liquor circulation pump suction strainer clogged or impeller cavitation occurring. Motor working against blocked passage with steep throughput drop.,Backflush dyeing loop filter basket and verify suction head pressure. Check for air ingress in pump casing.
2026-01-08 11:15:00,PUMP_01,Dyeing Liquor Circulation Pump,45,HIGH,CRITICAL,"Power: 21.1 kW (Baseline: 18.0 kW, +17%); Temp: 56.0°C (Baseline: 52.0°C, +4.0°C); Vib: 3.75 mm/s (Baseline: 1.40 mm/s, ISO: ZONE_B_SATISFACTORY); Speed: 1443 RPM; Prod: 13.6 units; Voltage: 414.8 V",Isolation Forest Anomaly Score: 92.7/100 | Assigned Severity: CRITICAL | Status: RUNNING_OPTIMAL,Subtle multivariate parameter divergence from expected operational baseline. Energy intensity elevated relative to throughput.,Perform general visual inspection of drive train and review electrical load profile during next maintenance window.
2026-01-08 11:30:00,PUMP_01,Dyeing Liquor Circulation Pump,45,HIGH,CRITICAL,"Power: 22.6 kW (Baseline: 18.0 kW, +26%); Temp: 57.8°C (Baseline: 52.0°C, +5.8°C); Vib: 3.67 mm/s (Baseline: 1.40 mm/s, ISO: ZONE_B_SATISFACTORY); Speed: 1452 RPM; Prod: 13.8 units; Voltage: 415.9 V",Isolation Forest Anomaly Score: 92.7/100 | Assigned Severity: CRITICAL | Status: RUNNING_OPTIMAL,Dyeing liquor circulation pump suction strainer clogged or impeller cavitation occurring. Motor working against blocked passage with steep throughput drop.,Backflush dyeing loop filter basket and verify suction head pressure. Check for air ingress in pump casing.
2026-01-08 11:45:00,PUMP_01,Dyeing Liquor Circulation Pump,65,HIGH,HIGH,"Power: 18.7 kW (Baseline: 18.0 kW, +4%); Temp: 54.8°C (Baseline: 52.0°C, +2.8°C); Vib: 3.84 mm/s (Baseline: 1.40 mm/s, ISO: ZONE_B_SATISFACTORY); Speed: 1449 RPM; Prod: 11.8 units; Voltage: 411.4 V",Isolation Forest Anomaly Score: 79.1/100 | Assigned Severity: HIGH | Status: RUNNING_OPTIMAL,Subtle multivariate parameter divergence from expected operational baseline. Energy intensity elevated relative to throughput.,Perform general visual inspection of drive train and review electrical load profile during next maintenance window.
2026-01-08 12:00:00,PUMP_01,Dyeing Liquor Circulation Pump,45,HIGH,CRITICAL,"Power: 22.4 kW (Baseline: 18.0 kW, +25%); Temp: 57.6°C (Baseline: 52.0°C, +5.6°C); Vib: 3.70 mm/s (Baseline: 1.40 mm/s, ISO: ZONE_B_SATISFACTORY); Speed: 1441 RPM; Prod: 13.6 units; Voltage: 413.0 V",Isolation Forest Anomaly Score: 99.3/100 | Assigned Severity: CRITICAL | Status: RUNNING_OPTIMAL,Dyeing liquor circulation pump suction strainer clogged or impeller cavitation occurring. Motor working against blocked passage with steep throughput drop.,Backflush dyeing loop filter basket and verify suction head pressure. Check for air ingress in pump casing.
2026-01-08 12:15:00,PUMP_01,Dyeing Liquor Circulation Pump,65,HIGH,HIGH,"Power: 18.0 kW (Baseline: 18.0 kW, -0%); Temp: 55.2°C (Baseline: 52.0°C, +3.2°C); Vib: 3.81 mm/s (Baseline: 1.40 mm/s, ISO: ZONE_B_SATISFACTORY); Speed: 1450 RPM; Prod: 11.8 units; Voltage: 417.1 V",Isolation Forest Anomaly Score: 75.8/100 | Assigned Severity: HIGH | Status: RUNNING_OPTIMAL,Subtle multivariate parameter divergence from expected operational baseline. Energy intensity elevated relative to throughput.,Perform general visual inspection of drive train and review electrical load profile during next maintenance window.
2026-01-08 12:30:00,PUMP_01,Dyeing Liquor Circulation Pump,45,HIGH,CRITICAL,"Power: 22.8 kW (Baseline: 18.0 kW, +27%); Temp: 57.4°C (Baseline: 52.0°C, +5.4°C); Vib: 3.81 mm/s (Baseline: 1.40 mm/s, ISO: ZONE_B_SATISFACTORY); Speed: 1453 RPM; Prod: 13.5 units; Voltage: 413.4 V",Isolation Forest Anomaly Score: 95.1/100 | Assigned Severity: CRITICAL | Status: RUNNING_OPTIMAL,Dyeing liquor circulation pump suction strainer clogged or impeller cavitation occurring. Motor working against blocked passage with steep throughput drop.,Backflush dyeing loop filter basket and verify suction head pressure. Check for air ingress in pump casing.
2026-01-08 12:45:00,PUMP_01,Dyeing Liquor Circulation Pump,45,HIGH,CRITICAL,"Power: 20.2 kW (Baseline: 18.0 kW, +12%); Temp: 57.6°C (Baseline: 52.0°C, +5.6°C); Vib: 3.58 mm/s (Baseline: 1.40 mm/s, ISO: ZONE_B_SATISFACTORY); Speed: 1443 RPM; Prod: 13.4 units; Voltage: 416.0 V",Isolation Forest Anomaly Score: 89.9/100 | Assigned Severity: CRITICAL | Status: RUNNING_OPTIMAL,Subtle multivariate parameter divergence from expected operational baseline. Energy intensity elevated relative to throughput.,Perform general visual inspection of drive train and review electrical load profile during next maintenance window.
2026-01-09 10:00:00,MOTOR_01,Ring Spinning Frame Motor,23,HIGH,CRITICAL,"Power: 53.0 kW (Baseline: 45.0 kW, +18%); Temp: 83.1°C (Baseline: 62.0°C, +21.1°C); Vib: 5.81 mm/s (Baseline: 1.80 mm/s, ISO: ZONE_C_UNSATISFACTORY); Speed: 1385 RPM; Prod: 48.9 units; Voltage: 417.6 V",Isolation Forest Anomaly Score: 98.0/100 | Assigned Severity: CRITICAL | Status: RUNNING_DEGRADED,"Drive-end bearing race fatigue, mechanical binding, or dynamic shaft misalignment. Frictional torque is causing thermal runaway and motor slip.","Schedule immediate shutdown at shift end. Inspect bearing lubrication, perform dial gauge alignment check, and test bearing acoustic ultrasound."
2026-01-09 10:15:00,MOTOR_01,Ring Spinning Frame Motor,22,HIGH,CRITICAL,"Power: 53.9 kW (Baseline: 45.0 kW, +20%); Temp: 84.2°C (Baseline: 62.0°C, +22.2°C); Vib: 5.85 mm/s (Baseline: 1.80 mm/s, ISO: ZONE_C_UNSATISFACTORY); Speed: 1389 RPM; Prod: 48.3 units; Voltage: 416.3 V",Isolation Forest Anomaly Score: 97.7/100 | Assigned Severity: CRITICAL | Status: RUNNING_DEGRADED,"Drive-end bearing race fatigue, mechanical binding, or dynamic shaft misalignment. Frictional torque is causing thermal runaway and motor slip.","Schedule immediate shutdown at shift end. Inspect bearing lubrication, perform dial gauge alignment check, and test bearing acoustic ultrasound."
2026-01-09 10:30:00,MOTOR_01,Ring Spinning Frame Motor,23,HIGH,CRITICAL,"Power: 57.5 kW (Baseline: 45.0 kW, +28%); Temp: 83.8°C (Baseline: 62.0°C, +21.8°C); Vib: 5.76 mm/s (Baseline: 1.80 mm/s, ISO: ZONE_C_UNSATISFACTORY); Speed: 1389 RPM; Prod: 55.4 units; Voltage: 424.5 V",Isolation Forest Anomaly Score: 99.4/100 | Assigned Severity: CRITICAL | Status: RUNNING_DEGRADED,"Drive-end bearing race fatigue, mechanical binding, or dynamic shaft misalignment. Frictional torque is causing thermal runaway and motor slip.","Schedule immediate shutdown at shift end. Inspect bearing lubrication, perform dial gauge alignment check, and test bearing acoustic ultrasound."
2026-01-09 10:45:00,MOTOR_01,Ring Spinning Frame Motor,23,HIGH,CRITICAL,"Power: 55.7 kW (Baseline: 45.0 kW, +24%); Temp: 84.2°C (Baseline: 62.0°C, +22.2°C); Vib: 5.64 mm/s (Baseline: 1.80 mm/s, ISO: ZONE_C_UNSATISFACTORY); Speed: 1390 RPM; Prod: 49.6 units; Voltage: 418.1 V",Isolation Forest Anomaly Score: 98.3/100 | Assigned Severity: CRITICAL | Status: RUNNING_DEGRADED,"Drive-end bearing race fatigue, mechanical binding, or dynamic shaft misalignment. Frictional torque is causing thermal runaway and motor slip.","Schedule immediate shutdown at shift end. Inspect bearing lubrication, perform dial gauge alignment check, and test bearing acoustic ultrasound."
2026-01-09 11:00:00,MOTOR_01,Ring Spinning Frame Motor,22,HIGH,CRITICAL,"Power: 52.1 kW (Baseline: 45.0 kW, +16%); Temp: 85.5°C (Baseline: 62.0°C, +23.5°C); Vib: 5.64 mm/s (Baseline: 1.80 mm/s, ISO: ZONE_C_UNSATISFACTORY); Speed: 1386 RPM; Prod: 50.2 units; Voltage: 416.5 V",Isolation Forest Anomaly Score: 96.5/100 | Assigned Severity: CRITICAL | Status: RUNNING_DEGRADED,"Drive-end bearing race fatigue, mechanical binding, or dynamic shaft misalignment. Frictional torque is causing thermal runaway and motor slip.","Schedule immediate shutdown at shift end. Inspect bearing lubrication, perform dial gauge alignment check, and test bearing acoustic ultrasound."
2026-01-09 11:15:00,MOTOR_01,Ring Spinning Frame Motor,22,HIGH,CRITICAL,"Power: 52.5 kW (Baseline: 45.0 kW, +17%); Temp: 85.2°C (Baseline: 62.0°C, +23.2°C); Vib: 5.71 mm/s (Baseline: 1.80 mm/s, ISO: ZONE_C_UNSATISFACTORY); Speed: 1387 RPM; Prod: 50.8 units; Voltage: 415.6 V",Isolation Forest Anomaly Score: 96.4/100 | Assigned Severity: CRITICAL | Status: RUNNING_DEGRADED,"Drive-end bearing race fatigue, mechanical binding, or dynamic shaft misalignment. Frictional torque is causing thermal runaway and motor slip.","Schedule immediate shutdown at shift end. Inspect bearing lubrication, perform dial gauge alignment check, and test bearing acoustic ultrasound."
2026-01-09 11:30:00,MOTOR_01,Ring Spinning Frame Motor,22,HIGH,CRITICAL,"Power: 55.9 kW (Baseline: 45.0 kW, +24%); Temp: 84.3°C (Baseline: 62.0°C, +22.3°C); Vib: 5.75 mm/s (Baseline: 1.80 mm/s, ISO: ZONE_C_UNSATISFACTORY); Speed: 1381 RPM; Prod: 48.8 units; Voltage: 419.1 V",Isolation Forest Anomaly Score: 100.0/100 | Assigned Severity: CRITICAL | Status: RUNNING_DEGRADED,"Drive-end bearing race fatigue, mechanical binding, or dynamic shaft misalignment. Frictional torque is causing thermal runaway and motor slip.","Schedule immediate shutdown at shift end. Inspect bearing lubrication, perform dial gauge alignment check, and test bearing acoustic ultrasound."
2026-01-09 11:45:00,MOTOR_01,Ring Spinning Frame Motor,24,HIGH,CRITICAL,"Power: 53.1 kW (Baseline: 45.0 kW, +18%); Temp: 83.3°C (Baseline: 62.0°C, +21.3°C); Vib: 5.61 mm/s (Baseline: 1.80 mm/s, ISO: ZONE_C_UNSATISFACTORY); Speed: 1386 RPM; Prod: 51.4 units; Voltage: 415.6 V",Isolation Forest Anomaly Score: 98.0/100 | Assigned Severity: CRITICAL | Status: RUNNING_DEGRADED,"Drive-end bearing race fatigue, mechanical binding, or dynamic shaft misalignment. Frictional torque is causing thermal runaway and motor slip.","Schedule immediate shutdown at shift end. Inspect bearing lubrication, perform dial gauge alignment check, and test bearing acoustic ultrasound."
2026-01-09 12:00:00,MOTOR_01,Ring Spinning Frame Motor,23,HIGH,CRITICAL,"Power: 54.4 kW (Baseline: 45.0 kW, +21%); Temp: 84.5°C (Baseline: 62.0°C, +22.5°C); Vib: 5.60 mm/s (Baseline: 1.80 mm/s, ISO: ZONE_C_UNSATISFACTORY); Speed: 1391 RPM; Prod: 50.9 units; Voltage: 414.6 V",Isolation Forest Anomaly Score: 98.1/100 | Assigned Severity: CRITICAL | Status: RUNNING_DEGRADED,"Drive-end bearing race fatigue, mechanical binding, or dynamic shaft misalignment. Frictional torque is causing thermal runaway and motor slip.","Schedule immediate shutdown at shift end. Inspect bearing lubrication, perform dial gauge alignment check, and test bearing acoustic ultrasound."
2026-01-09 12:15:00,MOTOR_01,Ring Spinning Frame Motor,22,HIGH,CRITICAL,"Power: 51.1 kW (Baseline: 45.0 kW, +14%); Temp: 84.6°C (Baseline: 62.0°C, +22.6°C); Vib: 5.76 mm/s (Baseline: 1.80 mm/s, ISO: ZONE_C_UNSATISFACTORY); Speed: 1391 RPM; Prod: 47.6 units; Voltage: 411.5 V",Isolation Forest Anomaly Score: 95.9/100 | Assigned Severity: CRITICAL | Status: RUNNING_DEGRADED,"Drive-end bearing race fatigue, mechanical binding, or dynamic shaft misalignment. Frictional torque is causing thermal runaway and motor slip.","Schedule immediate shutdown at shift end. Inspect bearing lubrication, perform dial gauge alignment check, and test bearing acoustic ultrasound."
2026-01-09 12:30:00,MOTOR_01,Ring Spinning Frame Motor,22,HIGH,CRITICAL,"Power: 52.8 kW (Baseline: 45.0 kW, +17%); Temp: 84.3°C (Baseline: 62.0°C, +22.3°C); Vib: 5.84 mm/s (Baseline: 1.80 mm/s, ISO: ZONE_C_UNSATISFACTORY); Speed: 1388 RPM; Prod: 48.5 units; Voltage: 416.1 V",Isolation Forest Anomaly Score: 96.6/100 | Assigned Severity: CRITICAL | Status: RUNNING_DEGRADED,"Drive-end bearing race fatigue, mechanical binding, or dynamic shaft misalignment. Frictional torque is causing thermal runaway and motor slip.","Schedule immediate shutdown at shift end. Inspect bearing lubrication, perform dial gauge alignment check, and test bearing acoustic ultrasound."
2026-01-09 12:45:00,MOTOR_01,Ring Spinning Frame Motor,20,HIGH,CRITICAL,"Power: 55.3 kW (Baseline: 45.0 kW, +23%); Temp: 86.9°C (Baseline: 62.0°C, +24.9°C); Vib: 5.68 mm/s (Baseline: 1.80 mm/s, ISO: ZONE_C_UNSATISFACTORY); Speed: 1388 RPM; Prod: 52.9 units; Voltage: 412.7 V",Isolation Forest Anomaly Score: 98.8/100 | Assigned Severity: CRITICAL | Status: RUNNING_DEGRADED,"Drive-end bearing race fatigue, mechanical binding, or dynamic shaft misalignment. Frictional torque is causing thermal runaway and motor slip.","Schedule immediate shutdown at shift end. Inspect bearing lubrication, perform dial gauge alignment check, and test bearing acoustic ultrasound."
2026-01-09 13:00:00,MOTOR_01,Ring Spinning Frame Motor,45,HIGH,CRITICAL,"Power: 15.4 kW (Baseline: 45.0 kW, -66%); Temp: 71.0°C (Baseline: 62.0°C, +9.0°C); Vib: 5.07 mm/s (Baseline: 1.80 mm/s, ISO: ZONE_C_UNSATISFACTORY); Speed: 1393 RPM; Prod: 0.0 units; Voltage: 410.7 V",Isolation Forest Anomaly Score: 95.8/100 | Assigned Severity: CRITICAL | Status: RUNNING_DEGRADED,"Vibration exceeds ISO 10816 Class II threshold. Likely V-belt wear, rotor unbalance, or loose foundation anchor bolts.",Inspect belt tension and pulley alignment. Check foundation bolt torque using calibrated torque wrench.
2026-01-09 13:15:00,MOTOR_01,Ring Spinning Frame Motor,44,HIGH,CRITICAL,"Power: 16.0 kW (Baseline: 45.0 kW, -64%); Temp: 73.2°C (Baseline: 62.0°C, +11.2°C); Vib: 5.10 mm/s (Baseline: 1.80 mm/s, ISO: ZONE_C_UNSATISFACTORY); Speed: 1391 RPM; Prod: 0.0 units; Voltage: 411.2 V",Isolation Forest Anomaly Score: 97.1/100 | Assigned Severity: CRITICAL | Status: RUNNING_DEGRADED,"Vibration exceeds ISO 10816 Class II threshold. Likely V-belt wear, rotor unbalance, or loose foundation anchor bolts.",Inspect belt tension and pulley alignment. Check foundation bolt torque using calibrated torque wrench.
2026-01-09 13:30:00,MOTOR_01,Ring Spinning Frame Motor,22,HIGH,CRITICAL,"Power: 51.8 kW (Baseline: 45.0 kW, +15%); Temp: 84.8°C (Baseline: 62.0°C, +22.8°C); Vib: 5.72 mm/s (Baseline: 1.80 mm/s, ISO: ZONE_C_UNSATISFACTORY); Speed: 1395 RPM; Prod: 46.7 units; Voltage: 414.3 V",Isolation Forest Anomaly Score: 96.3/100 | Assigned Severity: CRITICAL | Status: RUNNING_DEGRADED,"Drive-end bearing race fatigue, mechanical binding, or dynamic shaft misalignment. Frictional torque is causing thermal runaway and motor slip.","Schedule immediate shutdown at shift end. Inspect bearing lubrication, perform dial gauge alignment check, and test bearing acoustic ultrasound."
2026-01-09 13:45:00,MOTOR_01,Ring Spinning Frame Motor,20,HIGH,CRITICAL,"Power: 49.5 kW (Baseline: 45.0 kW, +10%); Temp: 86.2°C (Baseline: 62.0°C, +24.2°C); Vib: 5.76 mm/s (Baseline: 1.80 mm/s, ISO: ZONE_C_UNSATISFACTORY); Speed: 1394 RPM; Prod: 45.6 units; Voltage: 414.3 V",Isolation Forest Anomaly Score: 96.5/100 | Assigned Severity: CRITICAL | Status: RUNNING_DEGRADED,"Drive-end bearing race fatigue, mechanical binding, or dynamic shaft misalignment. Frictional torque is causing thermal runaway and motor slip.","Schedule immediate shutdown at shift end. Inspect bearing lubrication, perform dial gauge alignment check, and test bearing acoustic ultrasound."
2026-01-09 14:00:00,MOTOR_01,Ring Spinning Frame Motor,22,HIGH,CRITICAL,"Power: 48.6 kW (Baseline: 45.0 kW, +8%); Temp: 84.9°C (Baseline: 62.0°C, +22.9°C); Vib: 5.61 mm/s (Baseline: 1.80 mm/s, ISO: ZONE_C_UNSATISFACTORY); Speed: 1392 RPM; Prod: 44.2 units; Voltage: 408.5 V",Isolation Forest Anomaly Score: 95.8/100 | Assigned Severity: CRITICAL | Status: RUNNING_DEGRADED,"Drive-end bearing race fatigue, mechanical binding, or dynamic shaft misalignment. Frictional torque is causing thermal runaway and motor slip.","Schedule immediate shutdown at shift end. Inspect bearing lubrication, perform dial gauge alignment check, and test bearing acoustic ultrasound."
2026-01-10 12:15:00,HVAC_01,Humidification & Climate Plant,55,HIGH,HIGH,"Power: 40.5 kW (Baseline: 48.0 kW, -16%); Temp: 115.0°C (Baseline: 45.0°C, +70.0°C); Vib: 1.70 mm/s (Baseline: 1.60 mm/s, ISO: ZONE_A_GOOD); Speed: 975 RPM; Prod: 1180.9 units; Voltage: 416.5 V",Isolation Forest Anomaly Score: 84.7/100 | Assigned Severity: HIGH | Status: RUNNING_OPTIMAL,"Thermal buildup due to choked condenser fins, blower airflow restriction, or high ambient humidity heat load.",Clean condenser coil matrix with low-pressure wash. Inspect air filter differential pressure manometer.
2026-01-11 14:00:00,COMPRESSOR_01,Screw Air Compressor,39,HIGH,CRITICAL,"Power: 31.6 kW (Baseline: 38.0 kW, -17%); Temp: 79.8°C (Baseline: 75.0°C, +4.8°C); Vib: 6.75 mm/s (Baseline: 2.20 mm/s, ISO: ZONE_C_UNSATISFACTORY); Speed: 2949 RPM; Prod: 199.9 units; Voltage: 410.9 V",Isolation Forest Anomaly Score: 88.5/100 | Assigned Severity: CRITICAL | Status: RUNNING_OPTIMAL,"Vibration exceeds ISO 10816 Class II threshold. Likely V-belt wear, rotor unbalance, or loose foundation anchor bolts.",Inspect belt tension and pulley alignment. Check foundation bolt torque using calibrated torque wrench.
2026-01-11 14:15:00,COMPRESSOR_01,Screw Air Compressor,37,HIGH,CRITICAL,"Power: 32.0 kW (Baseline: 38.0 kW, -16%); Temp: 79.4°C (Baseline: 75.0°C, +4.4°C); Vib: 6.95 mm/s (Baseline: 2.20 mm/s, ISO: ZONE_C_UNSATISFACTORY); Speed: 2959 RPM; Prod: 195.8 units; Voltage: 415.4 V",Isolation Forest Anomaly Score: 93.8/100 | Assigned Severity: CRITICAL | Status: RUNNING_OPTIMAL,"Vibration exceeds ISO 10816 Class II threshold. Likely V-belt wear, rotor unbalance, or loose foundation anchor bolts.",Inspect belt tension and pulley alignment. Check foundation bolt torque using calibrated torque wrench.
2026-01-11 14:30:00,COMPRESSOR_01,Screw Air Compressor,38,HIGH,CRITICAL,"Power: 32.5 kW (Baseline: 38.0 kW, -14%); Temp: 80.3°C (Baseline: 75.0°C, +5.3°C); Vib: 6.85 mm/s (Baseline: 2.20 mm/s, ISO: ZONE_C_UNSATISFACTORY); Speed: 2952 RPM; Prod: 202.6 units; Voltage: 412.6 V",Isolation Forest Anomaly Score: 93.6/100 | Assigned Severity: CRITICAL | Status: RUNNING_OPTIMAL,"Vibration exceeds ISO 10816 Class II threshold. Likely V-belt wear, rotor unbalance, or loose foundation anchor bolts.",Inspect belt tension and pulley alignment. Check foundation bolt torque using calibrated torque wrench.
2026-01-11 14:45:00,COMPRESSOR_01,Screw Air Compressor,39,HIGH,CRITICAL,"Power: 32.5 kW (Baseline: 38.0 kW, -14%); Temp: 79.2°C (Baseline: 75.0°C, +4.2°C); Vib: 6.74 mm/s (Baseline: 2.20 mm/s, ISO: ZONE_C_UNSATISFACTORY); Speed: 2952 RPM; Prod: 199.4 units; Voltage: 411.8 V",Isolation Forest Anomaly Score: 86.2/100 | Assigned Severity: CRITICAL | Status: RUNNING_OPTIMAL,"Vibration exceeds ISO 10816 Class II threshold. Likely V-belt wear, rotor unbalance, or loose foundation anchor bolts.",Inspect belt tension and pulley alignment. Check foundation bolt torque using calibrated torque wrench.
2026-01-11 15:00:00,COMPRESSOR_01,Screw Air Compressor,38,HIGH,CRITICAL,"Power: 30.0 kW (Baseline: 38.0 kW, -21%); Temp: 79.4°C (Baseline: 75.0°C, +4.4°C); Vib: 6.78 mm/s (Baseline: 2.20 mm/s, ISO: ZONE_C_UNSATISFACTORY); Speed: 2957 RPM; Prod: 191.4 units; Voltage: 410.1 V",Isolation Forest Anomaly Score: 89.0/100 | Assigned Severity: CRITICAL | Status: RUNNING_OPTIMAL,"Vibration exceeds ISO 10816 Class II threshold. Likely V-belt wear, rotor unbalance, or loose foundation anchor bolts.",Inspect belt tension and pulley alignment. Check foundation bolt torque using calibrated torque wrench.
2026-01-11 15:15:00,COMPRESSOR_01,Screw Air Compressor,38,HIGH,CRITICAL,"Power: 31.4 kW (Baseline: 38.0 kW, -17%); Temp: 81.3°C (Baseline: 75.0°C, +6.3°C); Vib: 6.79 mm/s (Baseline: 2.20 mm/s, ISO: ZONE_C_UNSATISFACTORY); Speed: 2955 RPM; Prod: 199.3 units; Voltage: 411.5 V",Isolation Forest Anomaly Score: 100.0/100 | Assigned Severity: CRITICAL | Status: RUNNING_OPTIMAL,"Vibration exceeds ISO 10816 Class II threshold. Likely V-belt wear, rotor unbalance, or loose foundation anchor bolts.",Inspect belt tension and pulley alignment. Check foundation bolt torque using calibrated torque wrench.
2026-01-11 15:30:00,COMPRESSOR_01,Screw Air Compressor,38,HIGH,CRITICAL,"Power: 30.3 kW (Baseline: 38.0 kW, -20%); Temp: 79.9°C (Baseline: 75.0°C, +4.9°C); Vib: 6.81 mm/s (Baseline: 2.20 mm/s, ISO: ZONE_C_UNSATISFACTORY); Speed: 2951 RPM; Prod: 196.6 units; Voltage: 409.9 V",Isolation Forest Anomaly Score: 88.5/100 | Assigned Severity: CRITICAL | Status: RUNNING_OPTIMAL,"Vibration exceeds ISO 10816 Class II threshold. Likely V-belt wear, rotor unbalance, or loose foundation anchor bolts.",Inspect belt tension and pulley alignment. Check foundation bolt torque using calibrated torque wrench.
2026-01-11 15:45:00,COMPRESSOR_01,Screw Air Compressor,38,HIGH,CRITICAL,"Power: 31.9 kW (Baseline: 38.0 kW, -16%); Temp: 78.8°C (Baseline: 75.0°C, +3.8°C); Vib: 6.82 mm/s (Baseline: 2.20 mm/s, ISO: ZONE_C_UNSATISFACTORY); Speed: 2948 RPM; Prod: 195.7 units; Voltage: 413.9 V",Isolation Forest Anomaly Score: 85.7/100 | Assigned Severity: CRITICAL | Status: RUNNING_OPTIMAL,"Vibration exceeds ISO 10816 Class II threshold. Likely V-belt wear, rotor unbalance, or loose foundation anchor bolts.",Inspect belt tension and pulley alignment. Check foundation bolt torque using calibrated torque wrench.
2026-01-11 16:00:00,COMPRESSOR_01,Screw Air Compressor,37,HIGH,CRITICAL,"Power: 33.0 kW (Baseline: 38.0 kW, -13%); Temp: 79.5°C (Baseline: 75.0°C, +4.5°C); Vib: 6.95 mm/s (Baseline: 2.20 mm/s, ISO: ZONE_C_UNSATISFACTORY); Speed: 2949 RPM; Prod: 210.6 units; Voltage: 409.3 V",Isolation Forest Anomaly Score: 90.0/100 | Assigned Severity: CRITICAL | Status: RUNNING_OPTIMAL,"Vibration exceeds ISO 10816 Class II threshold. Likely V-belt wear, rotor unbalance, or loose foundation anchor bolts.",Inspect belt tension and pulley alignment. Check foundation bolt torque using calibrated torque wrench.
2026-01-11 16:15:00,COMPRESSOR_01,Screw Air Compressor,38,HIGH,CRITICAL,"Power: 30.7 kW (Baseline: 38.0 kW, -19%); Temp: 77.8°C (Baseline: 75.0°C, +2.8°C); Vib: 6.80 mm/s (Baseline: 2.20 mm/s, ISO: ZONE_C_UNSATISFACTORY); Speed: 2956 RPM; Prod: 183.8 units; Voltage: 410.7 V",Isolation Forest Anomaly Score: 85.8/100 | Assigned Severity: CRITICAL | Status: RUNNING_OPTIMAL,"Vibration exceeds ISO 10816 Class II threshold. Likely V-belt wear, rotor unbalance, or loose foundation anchor bolts.",Inspect belt tension and pulley alignment. Check foundation bolt torque using calibrated torque wrench.
2026-01-11 16:30:00,COMPRESSOR_01,Screw Air Compressor,38,HIGH,CRITICAL,"Power: 31.0 kW (Baseline: 38.0 kW, -19%); Temp: 77.8°C (Baseline: 75.0°C, +2.8°C); Vib: 6.83 mm/s (Baseline: 2.20 mm/s, ISO: ZONE_C_UNSATISFACTORY); Speed: 2961 RPM; Prod: 187.3 units; Voltage: 407.2 V",Isolation Forest Anomaly Score: 87.4/100 | Assigned Severity: CRITICAL | Status: RUNNING_OPTIMAL,"Vibration exceeds ISO 10816 Class II threshold. Likely V-belt wear, rotor unbalance, or loose foundation anchor bolts.",Inspect belt tension and pulley alignment. Check foundation bolt torque using calibrated torque wrench.
2026-01-11 16:45:00,COMPRESSOR_01,Screw Air Compressor,38,HIGH,CRITICAL,"Power: 34.1 kW (Baseline: 38.0 kW, -10%); Temp: 78.7°C (Baseline: 75.0°C, +3.7°C); Vib: 6.86 mm/s (Baseline: 2.20 mm/s, ISO: ZONE_C_UNSATISFACTORY); Speed: 2951 RPM; Prod: 199.6 units; Voltage: 409.2 V",Isolation Forest Anomaly Score: 86.1/100 | Assigned Severity: CRITICAL | Status: RUNNING_OPTIMAL,"Vibration exceeds ISO 10816 Class II threshold. Likely V-belt wear, rotor unbalance, or loose foundation anchor bolts.",Inspect belt tension and pulley alignment. Check foundation bolt torque using calibrated torque wrench.
2026-01-11 17:00:00,COMPRESSOR_01,Screw Air Compressor,38,HIGH,CRITICAL,"Power: 28.5 kW (Baseline: 38.0 kW, -25%); Temp: 76.3°C (Baseline: 75.0°C, +1.3°C); Vib: 6.89 mm/s (Baseline: 2.20 mm/s, ISO: ZONE_C_UNSATISFACTORY); Speed: 2958 RPM; Prod: 180.2 units; Voltage: 406.0 V",Isolation Forest Anomaly Score: 91.0/100 | Assigned Severity: CRITICAL | Status: RUNNING_OPTIMAL,"Vibration exceeds ISO 10816 Class II threshold. Likely V-belt wear, rotor unbalance, or loose foundation anchor bolts.",Inspect belt tension and pulley alignment. Check foundation bolt torque using calibrated torque wrench.
2026-01-11 17:15:00,COMPRESSOR_01,Screw Air Compressor,38,HIGH,CRITICAL,"Power: 31.9 kW (Baseline: 38.0 kW, -16%); Temp: 77.9°C (Baseline: 75.0°C, +2.9°C); Vib: 6.88 mm/s (Baseline: 2.20 mm/s, ISO: ZONE_C_UNSATISFACTORY); Speed: 2952 RPM; Prod: 192.6 units; Voltage: 404.3 V",Isolation Forest Anomaly Score: 87.4/100 | Assigned Severity: CRITICAL | Status: RUNNING_OPTIMAL,"Vibration exceeds ISO 10816 Class II threshold. Likely V-belt wear, rotor unbalance, or loose foundation anchor bolts.",Inspect belt tension and pulley alignment. Check foundation bolt torque using calibrated torque wrench.
2026-01-11 17:30:00,COMPRESSOR_01,Screw Air Compressor,38,HIGH,CRITICAL,"Power: 30.5 kW (Baseline: 38.0 kW, -20%); Temp: 78.1°C (Baseline: 75.0°C, +3.1°C); Vib: 6.85 mm/s (Baseline: 2.20 mm/s, ISO: ZONE_C_UNSATISFACTORY); Speed: 2949 RPM; Prod: 193.6 units; Voltage: 407.1 V",Isolation Forest Anomaly Score: 85.2/100 | Assigned Severity: CRITICAL | Status: RUNNING_OPTIMAL,"Vibration exceeds ISO 10816 Class II threshold. Likely V-belt wear, rotor unbalance, or loose foundation anchor bolts.",Inspect belt tension and pulley alignment. Check foundation bolt torque using calibrated torque wrench.
2026-01-12 12:00:00,HVAC_01,Humidification & Climate Plant,45,HIGH,CRITICAL,"Power: 52.7 kW (Baseline: 48.0 kW, +10%); Temp: 74.0°C (Baseline: 45.0°C, +29.0°C); Vib: 1.76 mm/s (Baseline: 1.60 mm/s, ISO: ZONE_A_GOOD); Speed: 987 RPM; Prod: 1155.6 units; Voltage: 414.7 V",Isolation Forest Anomaly Score: 88.8/100 | Assigned Severity: CRITICAL | Status: RUNNING_OPTIMAL,"Thermal buildup due to choked condenser fins, blower airflow restriction, or high ambient humidity heat load.",Clean condenser coil matrix with low-pressure wash. Inspect air filter differential pressure manometer.
2026-01-12 12:15:00,HVAC_01,Humidification & Climate Plant,45,HIGH,CRITICAL,"Power: 51.7 kW (Baseline: 48.0 kW, +8%); Temp: 74.3°C (Baseline: 45.0°C, +29.3°C); Vib: 1.61 mm/s (Baseline: 1.60 mm/s, ISO: ZONE_A_GOOD); Speed: 980 RPM; Prod: 1178.5 units; Voltage: 416.0 V",Isolation Forest Anomaly Score: 88.0/100 | Assigned Severity: CRITICAL | Status: RUNNING_OPTIMAL,"Thermal buildup due to choked condenser fins, blower airflow restriction, or high ambient humidity heat load.",Clean condenser coil matrix with low-pressure wash. Inspect air filter differential pressure manometer.
2026-01-12 12:30:00,HVAC_01,Humidification & Climate Plant,45,HIGH,CRITICAL,"Power: 54.6 kW (Baseline: 48.0 kW, +14%); Temp: 73.5°C (Baseline: 45.0°C, +28.5°C); Vib: 1.73 mm/s (Baseline: 1.60 mm/s, ISO: ZONE_A_GOOD); Speed: 979 RPM; Prod: 1216.7 units; Voltage: 416.4 V",Isolation Forest Anomaly Score: 88.7/100 | Assigned Severity: CRITICAL | Status: RUNNING_OPTIMAL,"Thermal buildup due to choked condenser fins, blower airflow restriction, or high ambient humidity heat load.",Clean condenser coil matrix with low-pressure wash. Inspect air filter differential pressure manometer.
2026-01-12 12:45:00,HVAC_01,Humidification & Climate Plant,45,HIGH,CRITICAL,"Power: 53.6 kW (Baseline: 48.0 kW, +12%); Temp: 73.2°C (Baseline: 45.0°C, +28.2°C); Vib: 1.79 mm/s (Baseline: 1.60 mm/s, ISO: ZONE_A_GOOD); Speed: 977 RPM; Prod: 1190.8 units; Voltage: 413.5 V",Isolation Forest Anomaly Score: 89.8/100 | Assigned Severity: CRITICAL | Status: RUNNING_OPTIMAL,"Thermal buildup due to choked condenser fins, blower airflow restriction, or high ambient humidity heat load.",Clean condenser coil matrix with low-pressure wash. Inspect air filter differential pressure manometer.
2026-01-12 13:30:00,HVAC_01,Humidification & Climate Plant,45,HIGH,CRITICAL,"Power: 54.4 kW (Baseline: 48.0 kW, +13%); Temp: 73.7°C (Baseline: 45.0°C, +28.7°C); Vib: 1.63 mm/s (Baseline: 1.60 mm/s, ISO: ZONE_A_GOOD); Speed: 987 RPM; Prod: 1188.0 units; Voltage: 413.0 V",Isolation Forest Anomaly Score: 96.9/100 | Assigned Severity: CRITICAL | Status: RUNNING_OPTIMAL,"Thermal buildup due to choked condenser fins, blower airflow restriction, or high ambient humidity heat load.",Clean condenser coil matrix with low-pressure wash. Inspect air filter differential pressure manometer.
2026-01-12 13:45:00,HVAC_01,Humidification & Climate Plant,45,HIGH,CRITICAL,"Power: 52.9 kW (Baseline: 48.0 kW, +10%); Temp: 74.7°C (Baseline: 45.0°C, +29.7°C); Vib: 1.65 mm/s (Baseline: 1.60 mm/s, ISO: ZONE_A_GOOD); Speed: 978 RPM; Prod: 1160.4 units; Voltage: 414.3 V",Isolation Forest Anomaly Score: 91.2/100 | Assigned Severity: CRITICAL | Status: RUNNING_OPTIMAL,"Thermal buildup due to choked condenser fins, blower airflow restriction, or high ambient humidity heat load.",Clean condenser coil matrix with low-pressure wash. Inspect air filter differential pressure manometer.
2026-01-12 14:00:00,HVAC_01,Humidification & Climate Plant,55,HIGH,HIGH,"Power: 49.7 kW (Baseline: 48.0 kW, +4%); Temp: 73.6°C (Baseline: 45.0°C, +28.6°C); Vib: 1.79 mm/s (Baseline: 1.60 mm/s, ISO: ZONE_A_GOOD); Speed: 986 RPM; Prod: 1103.9 units; Voltage: 411.4 V",Isolation Forest Anomaly Score: 82.4/100 | Assigned Severity: HIGH | Status: RUNNING_OPTIMAL,"Thermal buildup due to choked condenser fins, blower airflow restriction, or high ambient humidity heat load.",Clean condenser coil matrix with low-pressure wash. Inspect air filter differential pressure manometer.
2026-01-12 14:15:00,HVAC_01,Humidification & Climate Plant,45,HIGH,CRITICAL,"Power: 50.8 kW (Baseline: 48.0 kW, +6%); Temp: 73.4°C (Baseline: 45.0°C, +28.4°C); Vib: 1.62 mm/s (Baseline: 1.60 mm/s, ISO: ZONE_A_GOOD); Speed: 982 RPM; Prod: 1171.4 units; Voltage: 411.5 V",Isolation Forest Anomaly Score: 86.8/100 | Assigned Severity: CRITICAL | Status: RUNNING_OPTIMAL,"Thermal buildup due to choked condenser fins, blower airflow restriction, or high ambient humidity heat load.",Clean condenser coil matrix with low-pressure wash. Inspect air filter differential pressure manometer.
2026-01-12 14:30:00,HVAC_01,Humidification & Climate Plant,65,HIGH,HIGH,"Power: 48.4 kW (Baseline: 48.0 kW, +1%); Temp: 73.5°C (Baseline: 45.0°C, +28.5°C); Vib: 1.69 mm/s (Baseline: 1.60 mm/s, ISO: ZONE_A_GOOD); Speed: 979 RPM; Prod: 1090.6 units; Voltage: 411.9 V",Isolation Forest Anomaly Score: 76.9/100 | Assigned Severity: HIGH | Status: RUNNING_OPTIMAL,"Thermal buildup due to choked condenser fins, blower airflow restriction, or high ambient humidity heat load.",Clean condenser coil matrix with low-pressure wash. Inspect air filter differential pressure manometer.
2026-01-12 14:45:00,HVAC_01,Humidification & Climate Plant,45,HIGH,CRITICAL,"Power: 53.0 kW (Baseline: 48.0 kW, +10%); Temp: 74.6°C (Baseline: 45.0°C, +29.6°C); Vib: 1.77 mm/s (Baseline: 1.60 mm/s, ISO: ZONE_A_GOOD); Speed: 993 RPM; Prod: 1184.3 units; Voltage: 409.4 V",Isolation Forest Anomaly Score: 96.6/100 | Assigned Severity: CRITICAL | Status: RUNNING_OPTIMAL,"Thermal buildup due to choked condenser fins, blower airflow restriction, or high ambient humidity heat load.",Clean condenser coil matrix with low-pressure wash. Inspect air filter differential pressure manometer.
2026-01-12 15:00:00,HVAC_01,Humidification & Climate Plant,45,HIGH,CRITICAL,"Power: 54.4 kW (Baseline: 48.0 kW, +13%); Temp: 75.2°C (Baseline: 45.0°C, +30.2°C); Vib: 1.71 mm/s (Baseline: 1.60 mm/s, ISO: ZONE_A_GOOD); Speed: 980 RPM; Prod: 1177.4 units; Voltage: 409.6 V",Isolation Forest Anomaly Score: 90.5/100 | Assigned Severity: CRITICAL | Status: RUNNING_OPTIMAL,"Thermal buildup due to choked condenser fins, blower airflow restriction, or high ambient humidity heat load.",Clean condenser coil matrix with low-pressure wash. Inspect air filter differential pressure manometer.
2026-01-12 15:15:00,HVAC_01,Humidification & Climate Plant,45,HIGH,CRITICAL,"Power: 52.5 kW (Baseline: 48.0 kW, +9%); Temp: 73.1°C (Baseline: 45.0°C, +28.1°C); Vib: 1.81 mm/s (Baseline: 1.60 mm/s, ISO: ZONE_A_GOOD); Speed: 979 RPM; Prod: 1141.9 units; Voltage: 409.6 V",Isolation Forest Anomaly Score: 88.8/100 | Assigned Severity: CRITICAL | Status: RUNNING_OPTIMAL,"Thermal buildup due to choked condenser fins, blower airflow restriction, or high ambient humidity heat load.",Clean condenser coil matrix with low-pressure wash. Inspect air filter differential pressure manometer.
2026-01-12 15:30:00,HVAC_01,Humidification & Climate Plant,55,HIGH,HIGH,"Power: 49.9 kW (Baseline: 48.0 kW, +4%); Temp: 74.0°C (Baseline: 45.0°C, +29.0°C); Vib: 1.84 mm/s (Baseline: 1.60 mm/s, ISO: ZONE_A_GOOD); Speed: 983 RPM; Prod: 1143.4 units; Voltage: 409.2 V",Isolation Forest Anomaly Score: 84.2/100 | Assigned Severity: HIGH | Status: RUNNING_OPTIMAL,"Thermal buildup due to choked condenser fins, blower airflow restriction, or high ambient humidity heat load.",Clean condenser coil matrix with low-pressure wash. Inspect air filter differential pressure manometer.
2026-01-12 15:45:00,HVAC_01,Humidification & Climate Plant,55,HIGH,HIGH,"Power: 51.1 kW (Baseline: 48.0 kW, +7%); Temp: 72.7°C (Baseline: 45.0°C, +27.7°C); Vib: 1.74 mm/s (Baseline: 1.60 mm/s, ISO: ZONE_A_GOOD); Speed: 989 RPM; Prod: 1128.6 units; Voltage: 410.8 V",Isolation Forest Anomaly Score: 82.4/100 | Assigned Severity: HIGH | Status: RUNNING_OPTIMAL,"Thermal buildup due to choked condenser fins, blower airflow restriction, or high ambient humidity heat load.",Clean condenser coil matrix with low-pressure wash. Inspect air filter differential pressure manometer.
2026-01-12 16:00:00,HVAC_01,Humidification & Climate Plant,45,HIGH,CRITICAL,"Power: 52.4 kW (Baseline: 48.0 kW, +9%); Temp: 73.1°C (Baseline: 45.0°C, +28.1°C); Vib: 1.71 mm/s (Baseline: 1.60 mm/s, ISO: ZONE_A_GOOD); Speed: 985 RPM; Prod: 1149.6 units; Voltage: 407.6 V",Isolation Forest Anomaly Score: 85.5/100 | Assigned Severity: CRITICAL | Status: RUNNING_OPTIMAL,"Thermal buildup due to choked condenser fins, blower airflow restriction, or high ambient humidity heat load.",Clean condenser coil matrix with low-pressure wash. Inspect air filter differential pressure manometer.
2026-01-12 16:15:00,HVAC_01,Humidification & Climate Plant,65,HIGH,HIGH,"Power: 49.9 kW (Baseline: 48.0 kW, +4%); Temp: 72.3°C (Baseline: 45.0°C, +27.3°C); Vib: 1.79 mm/s (Baseline: 1.60 mm/s, ISO: ZONE_A_GOOD); Speed: 985 RPM; Prod: 1093.0 units; Voltage: 406.7 V",Isolation Forest Anomaly Score: 79.2/100 | Assigned Severity: HIGH | Status: RUNNING_OPTIMAL,"Thermal buildup due to choked condenser fins, blower airflow restriction, or high ambient humidity heat load.",Clean condenser coil matrix with low-pressure wash. Inspect air filter differential pressure manometer.
2026-01-12 16:30:00,HVAC_01,Humidification & Climate Plant,45,HIGH,CRITICAL,"Power: 51.2 kW (Baseline: 48.0 kW, +7%); Temp: 72.1°C (Baseline: 45.0°C, +27.1°C); Vib: 1.65 mm/s (Baseline: 1.60 mm/s, ISO: ZONE_A_GOOD); Speed: 976 RPM; Prod: 1136.8 units; Voltage: 408.9 V",Isolation Forest Anomaly Score: 86.5/100 | Assigned Severity: CRITICAL | Status: RUNNING_OPTIMAL,"Thermal buildup due to choked condenser fins, blower airflow restriction, or high ambient humidity heat load.",Clean condenser coil matrix with low-pressure wash. Inspect air filter differential pressure manometer.
2026-01-12 16:45:00,HVAC_01,Humidification & Climate Plant,65,HIGH,HIGH,"Power: 48.5 kW (Baseline: 48.0 kW, +1%); Temp: 72.4°C (Baseline: 45.0°C, +27.4°C); Vib: 1.71 mm/s (Baseline: 1.60 mm/s, ISO: ZONE_A_GOOD); Speed: 977 RPM; Prod: 1117.4 units; Voltage: 407.2 V",Isolation Forest Anomaly Score: 75.7/100 | Assigned Severity: HIGH | Status: RUNNING_OPTIMAL,"Thermal buildup due to choked condenser fins, blower airflow restriction, or high ambient humidity heat load.",Clean condenser coil matrix with low-pressure wash. Inspect air filter differential pressure manometer.
2026-01-12 17:00:00,HVAC_01,Humidification & Climate Plant,65,HIGH,HIGH,"Power: 46.2 kW (Baseline: 48.0 kW, -4%); Temp: 71.0°C (Baseline: 45.0°C, +26.0°C); Vib: 1.69 mm/s (Baseline: 1.60 mm/s, ISO: ZONE_A_GOOD); Speed: 980 RPM; Prod: 1060.7 units; Voltage: 406.1 V",Isolation Forest Anomaly Score: 64.8/100 | Assigned Severity: HIGH | Status: RUNNING_OPTIMAL,"Thermal buildup due to choked condenser fins, blower airflow restriction, or high ambient humidity heat load.",Clean condenser coil matrix with low-pressure wash. Inspect air filter differential pressure manometer.
2026-01-12 17:15:00,HVAC_01,Humidification & Climate Plant,65,HIGH,HIGH,"Power: 47.5 kW (Baseline: 48.0 kW, -1%); Temp: 72.1°C (Baseline: 45.0°C, +27.1°C); Vib: 1.73 mm/s (Baseline: 1.60 mm/s, ISO: ZONE_A_GOOD); Speed: 987 RPM; Prod: 1067.5 units; Voltage: 410.8 V",Isolation Forest Anomaly Score: 75.0/100 | Assigned Severity: HIGH | Status: RUNNING_OPTIMAL,"Thermal buildup due to choked condenser fins, blower airflow restriction, or high ambient humidity heat load.",Clean condenser coil matrix with low-pressure wash. Inspect air filter differential pressure manometer.
2026-01-12 17:30:00,HVAC_01,Humidification & Climate Plant,65,HIGH,HIGH,"Power: 50.6 kW (Baseline: 48.0 kW, +5%); Temp: 71.6°C (Baseline: 45.0°C, +26.6°C); Vib: 1.77 mm/s (Baseline: 1.60 mm/s, ISO: ZONE_A_GOOD); Speed: 978 RPM; Prod: 1118.6 units; Voltage: 402.0 V",Isolation Forest Anomaly Score: 74.2/100 | Assigned Severity: HIGH | Status: RUNNING_OPTIMAL,"Thermal buildup due to choked condenser fins, blower airflow restriction, or high ambient humidity heat load.",Clean condenser coil matrix with low-pressure wash. Inspect air filter differential pressure manometer.
2026-01-12 17:45:00,HVAC_01,Humidification & Climate Plant,45,HIGH,CRITICAL,"Power: 52.3 kW (Baseline: 48.0 kW, +9%); Temp: 73.6°C (Baseline: 45.0°C, +28.6°C); Vib: 1.62 mm/s (Baseline: 1.60 mm/s, ISO: ZONE_A_GOOD); Speed: 977 RPM; Prod: 1183.1 units; Voltage: 412.6 V",Isolation Forest Anomaly Score: 91.1/100 | Assigned Severity: CRITICAL | Status: RUNNING_OPTIMAL,"Thermal buildup due to choked condenser fins, blower airflow restriction, or high ambient humidity heat load.",Clean condenser coil matrix with low-pressure wash. Inspect air filter differential pressure manometer.
2026-01-12 18:00:00,HVAC_01,Humidification & Climate Plant,65,HIGH,HIGH,"Power: 48.3 kW (Baseline: 48.0 kW, +1%); Temp: 70.7°C (Baseline: 45.0°C, +25.7°C); Vib: 1.80 mm/s (Baseline: 1.60 mm/s, ISO: ZONE_A_GOOD); Speed: 980 RPM; Prod: 1070.9 units; Voltage: 406.5 V",Isolation Forest Anomaly Score: 70.9/100 | Assigned Severity: HIGH | Status: RUNNING_OPTIMAL,"Thermal buildup due to choked condenser fins, blower airflow restriction, or high ambient humidity heat load.",Clean condenser coil matrix with low-pressure wash. Inspect air filter differential pressure manometer.
2026-01-13 03:15:00,HVAC_01,Humidification & Climate Plant,20,HIGH,CRITICAL,"Power: 46.1 kW (Baseline: 48.0 kW, -4%); Temp: 40.6°C (Baseline: 45.0°C, -4.4°C); Vib: 14.50 mm/s (Baseline: 1.60 mm/s, ISO: ZONE_D_UNACCEPTABLE); Speed: 977 RPM; Prod: 1263.5 units; Voltage: 422.5 V",Isolation Forest Anomaly Score: 76.9/100 | Assigned Severity: CRITICAL | Status: RUNNING_OPTIMAL,"Vibration exceeds ISO 10816 Class II threshold. Likely V-belt wear, rotor unbalance, or loose foundation anchor bolts.",Inspect belt tension and pulley alignment. Check foundation bolt torque using calibrated torque wrench.
2026-01-14 01:30:00,HVAC_01,Humidification & Climate Plant,45,HIGH,CRITICAL,"Power: 40.5 kW (Baseline: 48.0 kW, -16%); Temp: 115.0°C (Baseline: 45.0°C, +70.0°C); Vib: 1.75 mm/s (Baseline: 1.60 mm/s, ISO: ZONE_A_GOOD); Speed: 971 RPM; Prod: 1183.8 units; Voltage: 416.1 V",Isolation Forest Anomaly Score: 97.8/100 | Assigned Severity: CRITICAL | Status: RUNNING_OPTIMAL,"Thermal buildup due to choked condenser fins, blower airflow restriction, or high ambient humidity heat load.",Clean condenser coil matrix with low-pressure wash. Inspect air filter differential pressure manometer.
